資料來源	檔案名稱	頁碼	行號	國別地區	中文片名	上映日期	上映日數	上映院數	累計銷售票數	累計銷售金額	統計中
全國電影票房截至2017年九月前資訊	38.pdf	1	6	美國	玩命關頭8	2017-04-12	117	105	2673906	650779458	False
全國電影票房截至2017年十月前資訊	39.pdf	1	8	美國	神力女超人	2017-05-30	155	103	1405577	333171557	True
全國電影票房截至2017年十月前資訊	39.pdf	11	98	美國	金牌特務：機密對決(數位IMAX2D版)	2017-09-20	45	90	1393197	332855534	True
全國電影票房截至2017年四月前資訊	33.pdf	1	3	美國	怪獸與牠們的產地	2016-11-17	141	104	1261927	309461461	False
全國電影票房截至2017年十月前資訊	39.pdf	2	16	美國	蜘蛛人：返校日(數位IMAX2D版)	2017-07-05	99	103	1252497	295062114	True
全國電影票房截至2017年十月前資訊	39.pdf	2	10	美國	神鬼傳奇	2017-06-07	100	104	1204446	286709130	True
全國電影票房截至2017年八月前資訊	37.pdf	1	3	美國	金剛：骷髏島	2017-03-09	127	103	1078442	256562230	False
全國電影票房截至2017年八月前資訊	37.pdf	1	5	美國	美女與野獸(數位IMAX2D版)	2017-03-16	130	103	1082643	251334708	False
全國電影票房截至2017年六月前資訊	35.pdf	2	9	美國	惡靈古堡：最終章	2017-01-26	92	96	1009919	247789829	False
全國電影票房截至2017年十月前資訊	39.pdf	1	6	美國	加勒比海盜神鬼奇航：死無對證	2017-05-25	120	102	982770	228518043	True
全國電影票房截至2017年六月前資訊	35.pdf	3	23	美國	羅根(數位IMAX2D版)	2017-02-28	113	104	940885	221478181	False
全國電影票房截至2017年十月前資訊	39.pdf	2	12	美國	變形金剛5：最終騎士	2017-06-21	100	102	894993	217382257	True
全國電影票房截至2017年六月前資訊	35.pdf	1	8	美國	限制級戰警：重返極限	2017-01-20	97	103	785201	186094597	False
全國電影票房截至2017年十月前資訊	39.pdf	2	15	美國	神偷奶爸3	2017-06-29	98	98	800955	182342195	True
全國電影票房截至2017年十月前資訊	39.pdf	1	2	印度	我和我的冠軍女兒	2017-03-24	183	78	727718	166844341	True
全國電影票房截至2017年六月前資訊	35.pdf	2	12	美國	分裂	2017-02-03	116	89	705227	163650691	False
全國電影票房截至2017年十月前資訊	39.pdf	2	17	美國	猩球崛起：終極決戰	2017-07-13	78	102	709446	161299198	True
全國電影票房截至2017年十月前資訊	39.pdf	3	23	泰國	模犯生	2017-07-21	92	63	634287	146935607	True
全國電影票房截至2017年九月前資訊	38.pdf	1	9	美國	星際異攻隊2	2017-04-27	114	102	600344	143562410	False
全國電影票房截至2017年七月前資訊	36.pdf	1	1	美國	樂來越愛你	2016-12-09	149	89	560953	132621642	False
全國電影票房截至2017年六月前資訊	35.pdf	1	4	美國	長城	2016-12-29	93	103	550437	129314897	False
全國電影票房截至2017年十月前資訊	39.pdf	9	69	美國	牠(數位IMAX2D版)	2017-09-07	57	88	489253	115868970	True
全國電影票房截至2017年四月前資訊	33.pdf	1	4	美國	鋼鐵英雄	2016-11-25	142	98	507730	115708566	False
 全國電影票房截至2017年三月前資訊	32.pdf	1	1	美國	比利•林恩的中場戰事	2016-11-11	114	99	290080	114147252	False
全國電影票房截至2017年十月前資訊	39.pdf	3	21	美國	敦克爾克大行動(數位IMAX2D版)	2017-07-20	85	105	450488	113220804	True
全國電影票房截至2017年九月前資訊	38.pdf	8	75	美國	安娜貝爾：造孽	2017-08-10	43	87	475477	111699255	False
全國電影票房截至2017年六月前資訊	35.pdf	2	11	美國	海洋奇緣	2017-01-26	135	93	476413	107640123	False
全國電影票房截至2017年十月前資訊	39.pdf	7	51	中華民國	紅衣小女孩2	2017-08-25	49	85	461388	105391396	True
全國電影票房截至2017年八月前資訊	37.pdf	1	7	美國	寶貝老闆	2017-03-31	146	99	440534	98172481	False
全國電影票房截至2017年四月前資訊	33.pdf	2	15	美國	刺客教條	2016-12-28	79	91	397753	92950881	False
全國電影票房截至2017年十月前資訊	39.pdf	6	45	美國	殺手保鑣	2017-08-18	47	80	391455	90954277	True
全國電影票房截至2017年六月前資訊	35.pdf	2	15	美國	格雷的五十道陰影：束縛	2017-02-10	90	97	370091	86912455	False
全國電影票房截至2017年九月前資訊	38.pdf	2	18	中華民國	吃吃的愛	2017-05-27	85	71	371675	85206922	False
全國電影票房截至2017年四月前資訊	33.pdf	1	8	美國	星際大戰外傳：俠盜一號	2016-12-14	92	98	338989	85199341	False
全國電影票房截至2017年五月前資訊	34.pdf	3	16	美國	捍衛任務2：殺神回歸	2017-02-10	74	87	369314	84883420	False
全國電影票房截至2017年七月前資訊	36.pdf	2	15	美國	攻殼機動隊	2017-03-30	77	101	346977	84698846	False
全國電影票房截至2017年九月前資訊	38.pdf	1	12	美國	異形：聖約(數位IMAX2D版)	2017-05-10	94	103	349594	81823528	False
全國電影票房截至2017年十月前資訊	39.pdf	1	7	美國	海灘救護隊	2017-05-25	83	98	349935	78800513	True
全國電影票房截至2017年四月前資訊	33.pdf	2	11	美國	星際過客	2016-12-21	97	96	324927	74306193	False
全國電影票房截至2017年十月前資訊	39.pdf	2	18	日本	名偵探柯南：唐紅的戀歌	2017-07-14	104	71	303991	70296531	True
全國電影票房截至2017年十月前資訊	39.pdf	7	52	美國	美國製造	2017-08-25	49	86	295375	70081128	True
全國電影票房截至2017年六月前資訊	35.pdf	2	10	中華民國	大釣哥	2017-01-26	95	89	314760	69325684	False
全國電影票房截至2017年六月前資訊	35.pdf	3	22	美國	為了與你相遇	2017-02-24	97	95	305261	69219176	False
全國電影票房截至2017年五月前資訊	34.pdf	7	45	日本	電影版聲之形	2017-03-24	65	66	293848	68664809	False
全國電影票房截至2017年十月前資訊	39.pdf	6	46	南韓	軍艦島	2017-08-18	49	73	298482	68662953	True
全國電影票房截至2017年十月前資訊	39.pdf	9	70	法國	獵殺星期一	2017-09-07	55	75	292050	68086451	True
全國電影票房截至2017年四月前資訊	33.pdf	1	5	美國	歡樂好聲音	2016-12-09	108	93	288008	64908809	False
全國電影票房截至2017年六月前資訊	35.pdf	1	7	美國	關鍵少數	2017-01-13	118	87	264273	60310989	False
全國電影票房截至2017年九月前資訊	38.pdf	1	4	日本	刀劍神域劇場版-序列爭戰	2017-02-24	69	38	213256	55460938	False
全國電影票房截至2017年八月前資訊	37.pdf	1	10	美國	逃出絕命鎮	2017-04-21	68	88	239194	54284576	False
全國電影票房截至2017年七月前資訊	36.pdf	2	17	中華民國	目擊者	2017-03-31	90	80	232563	52415112	False
全國電影票房截至2017年九月前資訊	38.pdf	2	13	美國	亞瑟：王者之劍	2017-05-11	97	102	218324	49271308	False
 全國電影票房截至2017年三月前資訊	32.pdf	1	4	美國	決戰異世界：弒血之戰	2016-12-01	81	97	212837	48648581	False
全國電影票房截至2017年四月前資訊	33.pdf	2	14	香港	擺渡人	2016-12-23	111	97	212631	47955235	False
全國電影票房截至2017年十月前資訊	39.pdf	13	110	香港	追龍	2017-09-29	36	67	205946	47065820	True
全國電影票房截至2017年五月前資訊	34.pdf	2	8	中華民國	52赫茲我愛你	2017-01-23	101	83	202845	46270614	False
全國電影票房截至2017年十月前資訊	39.pdf	5	39	美國	CARS3閃電再起	2017-08-07	91	88	201827	45678003	True
全國電影票房截至2017年十月前資訊	39.pdf	4	34	美國	玩命再劫	2017-08-03	57	95	183246	41852285	True
全國電影票房截至2017年十月前資訊	39.pdf	3	27	中華民國	報告老師！怪怪怪怪物！	2017-07-28	61	87	185105	41724002	True
全國電影票房截至2017年十月前資訊	39.pdf	1	9	西班牙	佈局	2017-06-02	147	44	181623	40872928	True
全國電影票房截至2017年六月前資訊	35.pdf	1	2	美國	最美的安排	2016-12-15	102	92	176102	40461215	False
全國電影票房截至2017年十月前資訊	39.pdf	9	71	南韓	我只是個計程車司機	2017-09-08	56	69	168458	38696710	True
全國電影票房截至2017年十月前資訊	39.pdf	14	111	中華民國	老師你會不會回來	2017-09-29	46	78	167012	37286569	True
全國電影票房截至2017年五月前資訊	34.pdf	2	9	中華民國	健忘村	2017-01-26	70	96	161737	36615705	False
全國電影票房截至2017年四月前資訊	33.pdf	2	13	美國	惱爸偏頭痛	2016-12-23	91	80	147915	33907602	False
全國電影票房截至2017年九月前資訊	38.pdf	1	10	美國	天才的禮物	2017-04-28	90	73	153772	33830117	False
全國電影票房截至2017年六月前資訊	35.pdf	1	5	美國	同盟鶼鰈	2017-01-06	97	93	144620	33112717	False
全國電影票房截至2017年十月前資訊	39.pdf	4	35	法國	星際特工瓦雷諾：千星之城(數位2D)	2017-08-03	72	88	141127	32503098	True
全國電影票房截至2017年五月前資訊	34.pdf	5	26	英國	愛國者行動	2017-02-24	79	67	139324	31999969	False
全國電影票房截至2017年七月前資訊	36.pdf	1	12	美國	異星智慧	2017-03-23	87	92	126898	28147019	False
全國電影票房截至2017年六月前資訊	35.pdf	2	16	美國	異星入境	2017-02-10	102	85	122101	27523342	False
全國電影票房截至2017年九月前資訊	38.pdf	12	106	美國	黑塔	2017-08-31	29	82	115334	26233098	False
全國電影票房截至2017年七月前資訊	36.pdf	1	14	美國	金剛戰士	2017-03-24	75	85	110077	24863623	False
全國電影票房截至2017年八月前資訊	37.pdf	2	14	香港	喜歡.你	2017-05-05	83	78	103861	23634958	False
全國電影票房截至2017年七月前資訊	36.pdf	1	3	美國	樂高蝙蝠俠電影	2017-02-08	124	83	98610	23193368	False
全國電影票房截至2017年八月前資訊	37.pdf	2	15	美國	驗屍官	2017-05-05	92	65	102124	22380867	False
全國電影票房截至2017年十月前資訊	39.pdf	5	40	香港	俠盜聯盟	2017-08-11	64	80	95681	20976337	True
全國電影票房截至2017年十月前資訊	39.pdf	10	85	英國	美國刺客	2017-09-13	31	57	78733	18108267	True
全國電影票房截至2017年八月前資訊	37.pdf	1	4	日本	明天，我要和昨天的妳約會	2017-03-10	135	36	78972	17948772	False
全國電影票房截至2017年七月前資訊	36.pdf	3	24	香港	拆彈專家	2017-04-21	67	61	80561	17899484	False
全國電影票房截至2017年七月前資訊	36.pdf	1	5	美國	救命解藥	2017-02-17	92	79	75643	16821197	False
全國電影票房截至2017年十月前資訊	39.pdf	4	28	美國	極凍之城	2017-07-28	51	63	69781	16116613	True
全國電影票房截至2017年九月前資訊	38.pdf	2	21	香港	失眠	2017-06-02	57	36	69533	15785511	False
全國電影票房截至2017年六月前資訊	35.pdf	3	19	美國	沉默	2017-02-17	84	68	69032	15767796	False
全國電影票房截至2017年十月前資訊	39.pdf	11	86	中華民國	地圖的盡頭	2017-09-15	35	6	69949	15494740	True
全國電影票房截至2017年四月前資訊	33.pdf	4	27	印度	功夫瑜伽	2017-01-26	47	44	62005	14348311	False
全國電影票房截至2017年十月前資訊	39.pdf	2	19	法國	盜速飛車	2017-07-14	51	59	64843	14263390	True
全國電影票房截至2017年九月前資訊	38.pdf	10	83	中華民國	痴情男子漢	2017-08-18	33	75	61977	13969341	False
全國電影票房截至2017年七月前資訊	36.pdf	1	6	俄羅斯	守護者聯盟	2017-02-24	82	72	61562	13833389	False
全國電影票房截至2017年十月前資訊	39.pdf	11	87	日本	煙花	2017-09-15	47	55	57829	13548300	True
全國電影票房截至2017年四月前資訊	33.pdf	1	1	美國	魔髮精靈	2016-11-04	99	89	61621	13503682	False
全國電影票房截至2017年四月前資訊	33.pdf	3	25	日本	"名偵探柯南EPISODE""ONE""變小的名偵探"	2017-01-20	68	45	60741	13483887	False
全國電影票房截至2017年四月前資訊	33.pdf	3	20	美國	夜行人生	2017-01-13	57	94	59875	13374076	False
全國電影票房截至2017年十月前資訊	39.pdf	3	24	香港	悟空傳	2017-07-21	85	63	61801	13298963	True
全國電影票房截至2017年十月前資訊	39.pdf	14	112	美國	極地追擊	2017-09-29	28	59	56313	12811437	True
全國電影票房截至2017年七月前資訊	36.pdf	3	28	香港	春嬌救志明	2017-04-28	82	57	53200	11969350	False
全國電影票房截至2017年十月前資訊	39.pdf	3	22	美國	女狼嗨到趴	2017-07-20	77	82	53765	11703313	True
全國電影票房截至2017年五月前資訊	34.pdf	3	12	美國	海邊的曼徹斯特	2017-01-26	93	20	52852	11636685	False
全國電影票房截至2017年四月前資訊	33.pdf	3	19	美國	怪獸卡車	2017-01-13	52	90	52534	11613801	False
全國電影票房截至2017年十月前資訊	39.pdf	2	20	日本	銀魂	2017-07-15	63	44	47637	11109014	True
全國電影票房截至2017年十月前資訊	39.pdf	7	57	法國	潛龍突擊隊	2017-08-31	35	67	49495	11018216	True
 全國電影票房截至2017年三月前資訊	32.pdf	5	40	英國	別敲兩次門	2017-01-13	39	34	47891	10970178	False
全國電影票房截至2017年十月前資訊	39.pdf	5	41	美國	表情符號電影	2017-08-11	63	66	49160	10827463	True
全國電影票房截至2017年九月前資訊	38.pdf	3	26	中華民國	雖然媽媽說我不可以嫁去日本。	2017-06-16	84	32	45217	10627068	False
全國電影票房截至2017年七月前資訊	36.pdf	1	7	英國	漫漫回家路	2017-03-03	118	41	48905	10483303	False
全國電影票房截至2017年六月前資訊	35.pdf	3	24	法國	攻敵必救	2017-03-03	104	44	47344	10307445	False
全國電影票房截至2017年五月前資訊	34.pdf	4	24	美國	偷天劫車手	2017-02-24	65	83	46695	10156273	False
全國電影票房截至2017年六月前資訊	35.pdf	4	32	美國	限時救援	2017-03-17	68	58	44915	10085748	False
全國電影票房截至2017年二月前資訊	31.pdf	1	2	美國	怪物來敲門	2016-11-04	64	66	46609	10060261	False
全國電影票房截至2017年八月前資訊	37.pdf	3	21	中華民國	神秘家族	2017-05-19	71	62	44200	9949237	False
全國電影票房截至2017年九月前資訊	38.pdf	3	27	美國	搶救千金	2017-06-16	64	84	47596	9935286	False
 全國電影票房截至2017年三月前資訊	32.pdf	10	81	美國	七夜怪譚	2017-02-17	27	65	43338	9870966	False
全國電影票房截至2017年九月前資訊	38.pdf	4	38	英國	深海鯊機	2017-06-30	63	54	44352	9685657	False
全國電影票房截至2017年四月前資訊	33.pdf	2	10	匈牙利	遇見街貓BOB	2016-12-16	97	41	43889	9458180	False
全國電影票房截至2017年十月前資訊	39.pdf	8	58	日本	瑪麗與魔女之花	2017-09-01	44	59	41009	9428503	True
全國電影票房截至2017年八月前資訊	37.pdf	3	22	美國	直播風暴	2017-05-19	69	80	44297	9331313	False
全國電影票房截至2017年七月前資訊	36.pdf	3	25	美國	柯羅索巨獸	2017-04-21	64	72	42228	9069139	False
全國電影票房截至2017年十月前資訊	39.pdf	4	29	日本	謝謝你，在世界的角落找到我	2017-07-28	70	64	40533	9014712	True
全國電影票房截至2017年九月前資訊	38.pdf	4	39	澳洲	2點22分	2017-06-30	64	47	40451	8848107	False
全國電影票房截至2017年五月前資訊	34.pdf	5	33	美國	她其實沒那麼壞	2017-03-10	51	36	37817	8816542	False
全國電影票房截至2017年十月前資訊	39.pdf	14	113	美國	母親！	2017-09-29	28	81	36962	8540607	True
全國電影票房截至2017年二月前資訊	31.pdf	1	13	日本	死亡筆記本：決戰新世界	2016-11-25	54	69	37754	8417257	False
全國電影票房截至2017年五月前資訊	34.pdf	1	3	日本	電影版妖怪手錶：閻魔大王與五個故事喵！	2016-12-23	85	54	35715	7866492	False
全國電影票房截至2017年七月前資訊	36.pdf	2	19	美國	辦公室大狂殺	2017-04-07	61	36	33047	7429459	False
 全國電影票房截至2017年三月前資訊	32.pdf	2	15	中華民國	一萬公里的約定	2016-12-16	69	65	33103	7173730	False
全國電影票房截至2017年二月前資訊	31.pdf	1	6	美國	鋼鐵麥斯	2016-11-11	61	54	35004	7155512	False
 全國電影票房截至2017年三月前資訊	32.pdf	2	11	中華民國	再見瓦城	2016-12-09	90	54	32742	7056439	False
全國電影票房截至2017年十月前資訊	39.pdf	12	99	美國	刑弒厲	2017-09-22	22	43	30463	6959585	True
 全國電影票房截至2017年三月前資訊	32.pdf	3	18	美國	聖誕搞轟趴	2016-12-23	49	69	30895	6918672	False
全國電影票房截至2017年十月前資訊	39.pdf	11	88	美國	閨蜜假期	2017-09-15	39	52	29266	6745951	True
全國電影票房截至2017年九月前資訊	38.pdf	12	104	日本	電影哆啦A夢《大雄的南極冰天雪地大冒險》	2017-08-28	39	38	27774	6394779	False
全國電影票房截至2017年二月前資訊	31.pdf	1	5	美國	腸腸搞轟趴	2016-11-11	59	47	27522	6281769	False
全國電影票房截至2017年八月前資訊	37.pdf	2	19	美國	心靈小屋	2017-05-12	91	19	29364	6179520	False
全國電影票房截至2017年四月前資訊	33.pdf	2	17	美國	速食遊戲	2017-01-06	74	37	25367	6004882	False
全國電影票房截至2017年四月前資訊	33.pdf	3	21	日本	巧虎繪本王國歷險記	2017-01-13	65	46	26492	6003561	False
全國電影票房截至2017年七月前資訊	36.pdf	1	8	美國	月光下的藍色男孩	2017-03-03	75	15	27221	5937005	False
全國電影票房截至2017年九月前資訊	38.pdf	5	45	美國	奪命潘朵拉	2017-07-07	64	49	26868	5646153	False
全國電影票房截至2017年七月前資訊	36.pdf	2	18	美國	藍色小精靈：失落的藍藍村	2017-03-31	91	78	26895	5629894	False
全國電影票房截至2017年九月前資訊	38.pdf	11	94	日本	第22年的告白-我是殺人犯-	2017-08-25	34	33	24036	5607900	False
全國電影票房截至2017年十月前資訊	39.pdf	6	50	美國	羅根好好運	2017-08-24	36	72	24108	5461203	True
全國電影票房截至2017年二月前資訊	31.pdf	1	12	中華民國	一路順風	2016-11-18	71	41	25025	5405875	False
全國電影票房截至2017年四月前資訊	33.pdf	9	68	中華民國	林北小舞	2017-03-10	30	26	24429	5383963	False
全國電影票房截至2017年一月前資訊	27.pdf	2	36	法國	育陰房	2016-11-25	26	45	23472	5273898	False
全國電影票房截至2017年九月前資訊	38.pdf	10	84	日本	電影版妖怪手錶：飛天巨鯨與兩個世界的大冒險喵！	2017-08-18	30	33	23050	5262946	False
全國電影票房截至2017年八月前資訊	37.pdf	2	16	日本	與妳的第100次愛戀	2017-05-05	75	37	23681	5243559	False
全國電影票房截至2017年四月前資訊	33.pdf	1	7	中華民國	黑熊森林	2016-12-09	64	13	23147	5212627	False
全國電影票房截至2017年六月前資訊	35.pdf	7	49	日本	電影版影子籃球員LASTGAME	2017-04-19	54	9	21195	5086548	False
全國電影票房截至2017年六月前資訊	35.pdf	4	27	日本	當他們認真編織時	2017-03-10	53	23	22548	5064021	False
全國電影票房截至2017年十月前資訊	39.pdf	4	36	南韓	REAL	2017-08-04	81	13	22629	5031628	True
全國電影票房截至2017年十月前資訊	39.pdf	6	47	日本	不幹了！我開除了黑心公司	2017-08-18	49	20	21380	5016144	True
全國電影票房截至2017年十月前資訊	39.pdf	4	30	中華民國	一一	2017-07-28	60	16	21687	4986957	True
全國電影票房截至2017年七月前資訊	36.pdf	4	29	中華民國	最完美的女孩	2017-04-28	40	44	21717	4783419	False
全國電影票房截至2017年八月前資訊	37.pdf	3	23	英國	園長夫人：動物園的奇蹟	2017-05-19	79	34	21314	4654875	False
全國電影票房截至2017年一月前資訊	27.pdf	1	16	日本	惡魔蛙男	2016-11-12	45	49	20280	4566442	False
全國電影票房截至2017年十月前資訊	39.pdf	8	59	香港	殺破狼.貪狼	2017-09-01	42	41	18732	4262112	True
全國電影票房截至2017年十月前資訊	39.pdf	8	60	美國	還有機會說再見	2017-09-01	48	52	19361	4247752	True
全國電影票房截至2017年二月前資訊	31.pdf	2	19	美國	墮落天使	2016-12-02	57	55	19633	4231940	False
全國電影票房截至2017年七月前資訊	36.pdf	6	58	日本	惡靈古堡：血仇	2017-06-02	35	10	17157	4216958	False
全國電影票房截至2017年十月前資訊	39.pdf	1	4	美國	危牆狙擊	2017-05-19	104	49	20346	4129263	True
全國電影票房截至2017年九月前資訊	38.pdf	1	7	中華民國	日常對話	2017-04-14	49	16	18425	4080954	False
全國電影票房截至2017年八月前資訊	37.pdf	6	56	日本	魔導少年劇場版龍之淚	2017-07-07	38	16	17129	4062706	False
全國電影票房截至2017年十月前資訊	39.pdf	6	48	日本	東京喰種	2017-08-18	34	37	17447	4021203	True
全國電影票房截至2017年四月前資訊	33.pdf	8	58	俄羅斯	異星引力	2017-03-03	22	51	17663	3940588	False
全國電影票房截至2017年七月前資訊	36.pdf	5	46	中華民國	台北物語	2017-05-19	52	6	15818	3900720	False
全國電影票房截至2017年四月前資訊	33.pdf	6	37	日本	黑執事劇場版豪華客船編	2017-02-10	25	10	15779	3861541	False
 全國電影票房截至2017年三月前資訊	32.pdf	1	5	美國	夜行動物	2016-12-02	73	29	18512	3781616	False
全國電影票房截至2017年十月前資訊	39.pdf	2	13	日本	死小孩	2017-06-23	35	23	16540	3691670	True
全國電影票房截至2017年十月前資訊	39.pdf	5	42	匈牙利	舞動心跳	2017-08-11	30	48	15941	3590126	True
全國電影票房截至2017年四月前資訊	33.pdf	3	22	丹麥	拆彈少年	2017-01-13	84	15	16005	3562827	False
全國電影票房截至2017年十月前資訊	39.pdf	11	89	美國	愛情齡距離	2017-09-15	35	52	15057	3414608	True
 全國電影票房截至2017年三月前資訊	32.pdf	4	32	美國	療養怨	2017-01-06	40	29	15434	3334633	False
全國電影票房截至2017年十月前資訊	39.pdf	4	31	法國	芭蕾奇緣	2017-07-28	70	17	15688	3333070	True
全國電影票房截至2017年十月前資訊	39.pdf	8	61	英國	正念的奇蹟	2017-09-01	35	10	14574	3297208	True
全國電影票房截至2017年四月前資訊	33.pdf	10	82	香港	救殭清道夫	2017-03-17	25	43	15064	3295999	False
全國電影票房截至2017年五月前資訊	34.pdf	4	22	美國	第一夫人的秘密	2017-02-24	44	25	14452	3235990	False
全國電影票房截至2017年九月前資訊	38.pdf	4	40	印度	巴霍巴利王：磅礡終章	2017-06-30	77	19	15524	3207692	False
全國電影票房截至2017年九月前資訊	38.pdf	4	34	中華民國	接線員	2017-06-23	70	16	13632	2957018	False
 全國電影票房截至2017年三月前資訊	32.pdf	1	8	南韓	失控隧道	2016-12-09	64	31	13617	2955039	False
全國電影票房截至2017年五月前資訊	34.pdf	14	94	美國	WEAREX：XJAPAN重生之路	2017-04-24	40	10	12432	2952319	False
 全國電影票房截至2017年三月前資訊	32.pdf	4	25	日本	深夜食堂電影版2	2016-12-30	49	33	13404	2944724	False
全國電影票房截至2017年十月前資訊	39.pdf	4	32	美國	魅惑	2017-07-28	28	40	13355	2933789	True
全國電影票房截至2017年四月前資訊	33.pdf	1	2	中華民國	單車天使	2016-11-11	52	17	13160	2858278	False
全國電影票房截至2017年一月前資訊	27.pdf	2	23	日本	POKE'MONTHEMOVIEXY&Z波爾凱尼恩與機關人偶瑪機雅娜	2016-11-18	32	14	12499	2844260	False
全國電影票房截至2017年一月前資訊	27.pdf	7	112	日本	深夜食堂電影版	2016-12-30	28	30	12657	2835424	False
全國電影票房截至2017年六月前資訊	35.pdf	5	35	美國	金爆內幕	2017-03-24	61	27	12603	2831092	False
全國電影票房截至2017年二月前資訊	31.pdf	1	7	中華民國	牯嶺街少年殺人事件	2016-11-11	85	13	11222	2718213	False
全國電影票房截至2017年六月前資訊	35.pdf	19	-1	中華民國	那個靜默的陽光午後	2017-03-24	45	18	11889	2663452	False
全國電影票房截至2017年九月前資訊	38.pdf	8	71	日本	蠟筆小新電影宇宙人PI力來襲	2017-08-04	39	14	11375	2600315	False
全國電影票房截至2017年九月前資訊	38.pdf	3	28	日本	戀妻家宮本	2017-06-16	71	15	11667	2500981	False
全國電影票房截至2017年十月前資訊	39.pdf	9	72	美國	哈佛沒教的幸福課	2017-09-08	40	8	10864	2481663	True
全國電影票房截至2017年十月前資訊	39.pdf	1	3	西班牙	100公尺的人生	2017-04-28	60	19	10475	2305177	True
全國電影票房截至2017年十月前資訊	39.pdf	9	73	美國	愛情昏迷中	2017-09-08	31	25	10079	2302823	True
全國電影票房截至2017年五月前資訊	34.pdf	8	55	香港	一念無明	2017-04-07	38	11	9996	2274634	False
全國電影票房截至2017年四月前資訊	33.pdf	10	85	日本	劇場版艦隊COLLECTION	2017-03-17	26	7	9257	2262352	False
全國電影票房截至2017年十月前資訊	39.pdf	8	62	美國	異人族(數位IMAX2D版)	2017-09-01	14	9	7261	2255045	True
全國電影票房截至2017年二月前資訊	31.pdf	1	10	中華民國	心靈時鐘	2016-11-18	47	27	10206	2247718	False
全國電影票房截至2017年七月前資訊	36.pdf	7	68	日本	愚行錄	2017-06-09	37	12	9909	2196810	False
全國電影票房截至2017年九月前資訊	38.pdf	3	31	美國	全面封鎖	2017-06-16	55	31	11663	2192759	False
全國電影票房截至2017年六月前資訊	35.pdf	15	98	中華民國	《以愛為名》	2017-05-19	19	13	9876	2191014	False
 全國電影票房截至2017年三月前資訊	32.pdf	5	45	匈牙利	黑吃黑	2017-01-13	57	34	10615	2061937	False
全國電影票房截至2017年四月前資訊	33.pdf	6	43	香港	合約男女	2017-02-17	35	30	8920	2006054	False
 全國電影票房截至2017年三月前資訊	32.pdf	3	24	中國大陸	鐵道飛虎	2016-12-30	45	43	9340	2001760	False
 全國電影票房截至2017年三月前資訊	32.pdf	4	30	日本	何者	2017-01-06	28	11	8719	1980025	False
 全國電影票房截至2017年三月前資訊	32.pdf	5	44	南韓	偷天對決	2017-01-13	56	22	8413	1908050	False
全國電影票房截至2017年一月前資訊	27.pdf	1	2	日本	秘密(2016)	2016-11-04	35	12	8165	1907207	False
全國電影票房截至2017年十月前資訊	39.pdf	4	33	日本	花戰	2017-07-28	38	13	8642	1827974	True
全國電影票房截至2017年七月前資訊	36.pdf	9	93	日本	塔莎杜朵，一個人的田園生活	2017-06-23	42	8	8453	1811355	False
全國電影票房截至2017年二月前資訊	31.pdf	2	17	加拿大	不過就是世界末日	2016-12-02	38	12	7840	1725592	False
全國電影票房截至2017年五月前資訊	34.pdf	4	23	日本	古都	2017-02-24	48	8	8479	1723950	False
 全國電影票房截至2017年三月前資訊	32.pdf	4	27	德國	顛父人生	2016-12-30	60	9	7826	1670759	False
全國電影票房截至2017年十月前資訊	39.pdf	15	114	美國	穆荷蘭大道	2017-09-29	29	10	7753	1662000	True
全國電影票房截至2017年二月前資訊	31.pdf	1	1	匈牙利	烈火邊境	2016-11-04	60	34	8607	1648905	False
全國電影票房截至2017年十月前資訊	39.pdf	5	43	西班牙	抓狂酒吧	2017-08-11	30	12	7449	1638005	True
全國電影票房截至2017年二月前資訊	31.pdf	1	16	美國	卡內陰	2016-12-02	36	27	7596	1631403	False
全國電影票房截至2017年四月前資訊	33.pdf	10	83	中國大陸	乘風破浪	2017-03-17	25	18	6950	1623028	False
全國電影票房截至2017年六月前資訊	35.pdf	5	36	匈牙利	神奇大隊長	2017-03-24	63	17	7587	1608675	False
全國電影票房截至2017年十月前資訊	39.pdf	11	90	英國	金牌特勤隊	2017-09-15	16	28	7193	1605473	True
全國電影票房截至2017年一月前資訊	27.pdf	3	41	法國	終極追殺令	2016-11-25	34	7	6840	1576154	False
全國電影票房截至2017年一月前資訊	27.pdf	1	3	中華民國	進擊之路	2016-11-04	36	14	7287	1560563	False
全國電影票房截至2017年十月前資訊	39.pdf	12	100	中華民國	自畫像	2017-09-22	22	14	7011	1556885	True
全國電影票房截至2017年十月前資訊	39.pdf	11	97	香港	三十ㄦ立	2017-09-18	44	7	6591	1550360	True
全國電影票房截至2017年六月前資訊	35.pdf	3	20	美國	她的危險遊戲	2017-02-17	86	12	7294	1505231	False
全國電影票房截至2017年四月前資訊	33.pdf	11	86	中華民國	白蟻	2017-03-17	26	9	6626	1476490	False
全國電影票房截至2017年七月前資訊	36.pdf	4	34	日本	攻殼機動隊1995	2017-05-05	39	11	6237	1443411	False
全國電影票房截至2017年六月前資訊	35.pdf	2	14	日本	喜歡上你的那瞬間	2017-02-10	28	7	5914	1424866	False
 全國電影票房截至2017年三月前資訊	32.pdf	4	26	法國	通靈美人	2016-12-30	59	37	6907	1395997	False
全國電影票房截至2017年十月前資訊	39.pdf	3	26	中華民國	青梅竹馬(數位修復版)	2017-07-24	29	8	6393	1389552	True
全國電影票房截至2017年六月前資訊	35.pdf	11	68	日本	唱吧！奇蹟！	2017-05-05	28	9	5650	1339868	False
全國電影票房截至2017年四月前資訊	33.pdf	4	29	日本	幸福湯屋	2017-01-26	63	8	6556	1318150	False
全國電影票房截至2017年六月前資訊	35.pdf	17	110	美國	為妳唱的歌	2017-05-26	28	10	5829	1317627	False
全國電影票房截至2017年二月前資訊	31.pdf	1	11	英國	路易的第9條命	2016-11-18	55	34	6589	1316001	False
全國電影票房截至2017年九月前資訊	38.pdf	5	50	日本	名叫海賊的男人	2017-07-14	43	11	6094	1306935	False
全國電影票房截至2017年一月前資訊	27.pdf	2	35	日本	暗殺教室劇場版365日倒數計時	2016-11-25	23	6	5476	1295762	False
全國電影票房截至2017年八月前資訊	37.pdf	6	57	香港	明月幾時有	2017-07-07	21	17	5789	1287576	False
 全國電影票房截至2017年三月前資訊	32.pdf	4	37	中國大陸	我不是潘金蓮	2017-01-13	29	30	5969	1284656	False
全國電影票房截至2017年九月前資訊	38.pdf	8	72	法國	艾蜜莉的異想世界	2017-08-04	52	6	5795	1269805	False
全國電影票房截至2017年四月前資訊	33.pdf	9	69	法國	金金計較	2017-03-10	30	10	5970	1253927	False
全國電影票房截至2017年九月前資訊	38.pdf	3	22	美國	失落之城	2017-06-02	64	11	6784	1253859	False
全國電影票房截至2017年十月前資訊	39.pdf	11	91	中華民國	曼菲	2017-09-15	30	11	5788	1250335	True
全國電影票房截至2017年十月前資訊	39.pdf	12	101	美國	鬥陣俱樂部	2017-09-22	28	10	5538	1240062	True
全國電影票房截至2017年十月前資訊	39.pdf	12	109	南韓	V・I・P・	2017-09-28	27	14	5469	1236163	True
全國電影票房截至2017年十月前資訊	39.pdf	6	49	法國	雙面愛人	2017-08-18	30	7	5806	1235290	True
全國電影票房截至2017年十月前資訊	39.pdf	9	74	日本	青春後空翻	2017-09-08	31	36	5455	1225539	True
全國電影票房截至2017年八月前資訊	37.pdf	7	70	日本	貓咪收集之家	2017-07-14	23	15	5315	1190165	False
全國電影票房截至2017年九月前資訊	38.pdf	5	51	中華民國	海灘的一天	2017-07-14	57	6	5235	1178525	False
全國電影票房截至2017年二月前資訊	31.pdf	5	62	美國	冤親債主	2017-01-06	21	14	5434	1167505	False
全國電影票房截至2017年一月前資訊	27.pdf	3	50	中華民國	行者三太子-迎向曙光	2016-12-02	16	8	5439	1166546	False
全國電影票房截至2017年六月前資訊	35.pdf	6	44	美國	愛上火星男孩	2017-04-07	43	32	6326	1159073	False
全國電影票房截至2017年一月前資訊	27.pdf	1	10	南韓	熔爐	2016-11-11	36	8	5164	1158503	False
全國電影票房截至2017年四月前資訊	33.pdf	5	34	日本	黑貓魯道夫	2017-02-03	45	17	5126	1153036	False
全國電影票房截至2017年八月前資訊	37.pdf	8	81	中國大陸	青禾男高	2017-07-21	21	13	5072	1151594	False
全國電影票房截至2017年八月前資訊	37.pdf	6	58	香港	原諒他77次	2017-07-07	34	6	4881	1128030	False
全國電影票房截至2017年二月前資訊	31.pdf	3	43	英國	我是布萊克	2016-12-23	35	5	5251	1115495	False
全國電影票房截至2017年十月前資訊	39.pdf	4	37	土耳其	愛貓之城	2017-08-04	29	9	4776	1073410	True
全國電影票房截至2017年七月前資訊	36.pdf	5	41	日本	媽媽，晚餐吃什麼？	2017-05-12	38	15	5172	1043751	False
全國電影票房截至2017年四月前資訊	33.pdf	11	93	日本	本能寺大飯店	2017-03-24	21	12	4658	1033323	False
全國電影票房截至2017年四月前資訊	33.pdf	13	109	美國	黑色追緝令	2017-03-31	21	6	4691	1033223	False
全國電影票房截至2017年十月前資訊	39.pdf	11	92	南韓	仿聲靈	2017-09-15	20	21	4603	1032033	True
全國電影票房截至2017年九月前資訊	38.pdf	10	88	日本	一週的朋友	2017-08-18	20	21	4420	1030728	False
全國電影票房截至2017年四月前資訊	33.pdf	9	73	中華民國	王力宏火力全開3D演唱會電影	2017-03-12	5	5	3056	1024710	False
 全國電影票房截至2017年三月前資訊	32.pdf	1	6	法國	新居風暴	2016-12-09	60	10	4812	998360	False
全國電影票房截至2017年七月前資訊	36.pdf	7	69	匈牙利	綁的不是人	2017-06-09	13	18	4539	989382	False
全國電影票房截至2017年十月前資訊	39.pdf	5	38	日本	帝一之國	2017-08-04	29	8	4359	980883	True
全國電影票房截至2017年十月前資訊	39.pdf	8	63	美國	玻璃城堡	2017-09-01	21	16	4492	979969	True
全國電影票房截至2017年一月前資訊	27.pdf	1	4	南韓	密探	2016-11-04	42	20	4511	976659	False
全國電影票房截至2017年十月前資訊	39.pdf	2	11	奧地利	席勒：死神與少女	2017-06-16	49	5	4836	974010	True
全國電影票房截至2017年九月前資訊	38.pdf	4	41	香港	今晚打喪屍	2017-06-30	15	38	4473	966506	False
全國電影票房截至2017年六月前資訊	35.pdf	3	18	南韓	機密同盟	2017-02-17	54	10	4263	923749	False
全國電影票房截至2017年九月前資訊	38.pdf	6	58	德國	歡迎來住我家	2017-07-21	50	8	4559	899915	False
全國電影票房截至2017年六月前資訊	35.pdf	14	85	法國	巴黎交易員	2017-05-12	38	6	3967	898755	False
全國電影票房截至2017年十月前資訊	39.pdf	6	44	中華民國	徐自強的練習題	2017-08-11	37	9	4152	882585	True
全國電影票房截至2017年九月前資訊	38.pdf	3	30	西班牙	天后開麥拉	2017-06-16	42	22	4046	878270	False
全國電影票房截至2017年十月前資訊	39.pdf	1	5	日本	午睡公主~不為人知的故事~	2017-05-19	46	28	4428	870586	True
全國電影票房截至2017年九月前資訊	38.pdf	3	25	法國	塞尚與左拉	2017-06-09	49	5	4224	858030	False
全國電影票房截至2017年二月前資訊	31.pdf	5	63	香港	那年夏天你去了哪裏	2017-01-06	21	20	3752	853608	False
全國電影票房截至2017年七月前資訊	36.pdf	8	83	法國	到達蘭薩拉禮佛	2017-06-16	21	7	3919	845991	False
全國電影票房截至2017年六月前資訊	35.pdf	16	99	中國大陸	羅曼蒂克消亡史	2017-05-19	21	7	3836	845087	False
全國電影票房截至2017年二月前資訊	31.pdf	3	34	日本	愛情，突如其來	2016-12-16	29	8	3873	833090	False
 全國電影票房截至2017年三月前資訊	32.pdf	9	61	美國	派特森	2017-02-03	27	7	3759	800025	False
全國電影票房截至2017年七月前資訊	36.pdf	8	84	南韓	惡女	2017-06-16	19	16	3601	780210	False
全國電影票房截至2017年九月前資訊	38.pdf	11	95	德國	真愛LINE著你	2017-08-25	21	7	3591	759050	False
全國電影票房截至2017年八月前資訊	37.pdf	6	59	以色列	兒子的完美告別	2017-07-07	27	6	3521	749250	False
全國電影票房截至2017年十月前資訊	39.pdf	12	102	美國	不願面對的真相2	2017-09-22	23	25	3390	723385	True
全國電影票房截至2017年十月前資訊	39.pdf	8	64	日本	星光美男劇場版榮耀之爭	2017-09-01	21	7	1651	723274	True
全國電影票房截至2017年八月前資訊	37.pdf	3	28	英國	玩命鎗火	2017-05-26	50	21	3458	712480	False
全國電影票房截至2017年九月前資訊	38.pdf	10	89	日本	晝顏電影版	2017-08-18	21	10	3163	712294	False
全國電影票房截至2017年十月前資訊	39.pdf	12	103	日本	白晝的流星	2017-09-22	21	16	3108	703749	True
全國電影票房截至2017年七月前資訊	36.pdf	2	22	中華民國	擬音	2017-04-14	31	4	3171	702170	False
全國電影票房截至2017年四月前資訊	33.pdf	8	54	日本	虐殺器官	2017-03-03	14	7	2957	701274	False
全國電影票房截至2017年五月前資訊	34.pdf	10	70	法國	私人採購	2017-04-14	21	7	3224	701202	False
全國電影票房截至2017年一月前資訊	27.pdf	2	22	日本	少女	2016-11-18	25	13	3005	692766	False
全國電影票房截至2017年七月前資訊	36.pdf	6	51	美國	墨利斯的情人經典數位修復	2017-05-26	34	6	3265	691321	False
全國電影票房截至2017年七月前資訊	36.pdf	5	47	中華民國	夢想續航	2017-05-19	23	13	3072	669574	False
全國電影票房截至2017年十月前資訊	39.pdf	15	115	日本	春宵苦短，少女前進吧！	2017-09-29	21	6	2632	668726	True
全國電影票房截至2017年九月前資訊	38.pdf	2	17	美國	愛在回家時	2017-05-26	88	16	4212	663310	False
全國電影票房截至2017年五月前資訊	34.pdf	9	57	日本	怪物彈珠電影版前往始源之地	2017-04-07	8	6	2632	655529	False
 全國電影票房截至2017年三月前資訊	32.pdf	4	35	加拿大	藥命屍樂園	2017-01-13	24	9	2894	653029	False
全國電影票房截至2017年二月前資訊	31.pdf	2	18	南韓	危險羅曼史	2016-12-02	50	33	3177	648953	False
全國電影票房截至2017年五月前資訊	34.pdf	16	104	德國	昨日盛開的花朵	2017-04-28	21	7	3141	639160	False
全國電影票房截至2017年七月前資訊	36.pdf	4	35	加拿大	我發瘋的那段日子	2017-05-05	56	12	2921	637829	False
全國電影票房截至2017年七月前資訊	36.pdf	7	63	義大利	祝你有個甜美的夢	2017-06-06	29	7	2997	613040	False
全國電影票房截至2017年六月前資訊	35.pdf	12	69	中國大陸	老炮兒	2017-05-05	20	7	2768	605095	False
全國電影票房截至2017年四月前資訊	33.pdf	10	78	英國	最愛你的人是我	2017-03-17	14	9	2679	599033	False
全國電影票房截至2017年九月前資訊	38.pdf	1	3	南韓	酷瓜人生	2017-02-10	29	11	2886	596625	False
全國電影票房截至2017年二月前資訊	31.pdf	4	60	中華民國	西城童話	2017-01-06	20	12	2759	592966	False
全國電影票房截至2017年六月前資訊	35.pdf	17	112	德國	我就是要結婚！	2017-05-26	21	7	2837	587285	False
全國電影票房截至2017年一月前資訊	27.pdf	3	51	英國	嘿瑪嘿瑪	2016-12-02	25	5	2559	581952	False
全國電影票房截至2017年五月前資訊	34.pdf	9	58	英國	回憶的餘燼	2017-04-07	21	7	2743	569385	False
全國電影票房截至2017年六月前資訊	35.pdf	7	51	南韓	金權性內幕	2017-04-21	33	8	2446	568887	False
全國電影票房截至2017年二月前資訊	31.pdf	7	88	香港	一路逆風	2017-01-20	3	3	1419	567600	False
 全國電影票房截至2017年三月前資訊	32.pdf	5	38	奧地利	晚安媽咪	2017-01-13	35	3	2624	564075	False
全國電影票房截至2017年二月前資訊	31.pdf	4	53	日本	傷物語II熱血篇	2016-12-30	27	3	2253	558547	False
全國電影票房截至2017年四月前資訊	33.pdf	12	105	日本	傷物語III冷血篇	2017-03-31	14	3	2135	533043	False
全國電影票房截至2017年十月前資訊	39.pdf	15	116	美國	密弒逃脫	2017-09-29	21	10	2367	524491	True
全國電影票房截至2017年七月前資訊	36.pdf	7	71	中國大陸	八月	2017-06-09	24	7	2384	513180	False
全國電影票房截至2017年九月前資訊	38.pdf	10	90	日本	好想大聲說出心底的話	2017-08-18	20	6	2146	508680	False
全國電影票房截至2017年十月前資訊	39.pdf	9	75	日本	3月的獅子前篇	2017-09-08	25	11	2327	507885	True
全國電影票房截至2017年六月前資訊	35.pdf	4	30	俄羅斯	亞美尼亞大地震	2017-03-17	14	13	2307	503160	False
全國電影票房截至2017年一月前資訊	27.pdf	2	37	法國	明日進行曲	2016-11-25	27	7	2390	502085	False
全國電影票房截至2017年四月前資訊	33.pdf	11	89	美國	戰地情	2017-03-20	14	21	2357	501357	False
全國電影票房截至2017年七月前資訊	36.pdf	5	36	英國	他們的美好時光	2017-05-05	33	10	2355	486865	False
全國電影票房截至2017年一月前資訊	27.pdf	3	38	香港	沖天火	2016-11-25	28	21	2298	478755	False
全國電影票房截至2017年二月前資訊	31.pdf	3	33	法國	記憶乍響	2016-12-16	28	5	2178	469500	False
全國電影票房截至2017年九月前資訊	38.pdf	5	46	香港	29+1	2017-07-07	42	7	2179	467995	False
全國電影票房截至2017年七月前資訊	36.pdf	9	94	西班牙	波希失樂園	2017-06-23	36	3	2216	457130	False
全國電影票房截至2017年一月前資訊	27.pdf	1	9	中華民國	只要我長大	2016-11-11	21	10	2082	456207	False
全國電影票房截至2017年九月前資訊	38.pdf	1	2	法國	鋼琴教師	2016-12-16	23	7	2084	436100	False
全國電影票房截至2017年五月前資訊	34.pdf	12	82	泰國	戀愛完成式	2017-04-21	25	8	1912	434979	False
 全國電影票房截至2017年三月前資訊	32.pdf	10	73	美國	英倫情人	2017-02-17	14	8	2113	433600	False
全國電影票房截至2017年十月前資訊	39.pdf	11	93	日本	3月的獅子後篇	2017-09-15	21	11	1909	422623	True
全國電影票房截至2017年十月前資訊	39.pdf	3	25	加拿大	慾亂唇迷	2017-07-21	43	5	1913	422255	True
全國電影票房截至2017年七月前資訊	36.pdf	9	95	德國	寶拉：裸畫像	2017-06-23	22	3	2100	416785	False
全國電影票房截至2017年九月前資訊	38.pdf	6	60	美國	時尚僧侶新視界	2017-07-21	16	6	1854	399980	False
全國電影票房截至2017年十月前資訊	39.pdf	7	53	法國	辣媽好孕到	2017-08-25	40	12	2031	393401	True
全國電影票房截至2016年十二月前資訊	26.pdf	1	7	美國	追殺厄夜叢林	2016-11-04	20	10	1761	389998	False
全國電影票房截至2017年一月前資訊	27.pdf	2	34	中華民國	櫥窗人生	2016-11-25	21	11	1825	388800	False
全國電影票房截至2017年二月前資訊	31.pdf	5	61	美國	咖啡與菸	2017-01-06	20	3	1788	386255	False
全國電影票房截至2017年一月前資訊	27.pdf	1	21	中華民國	神戲	2016-11-18	22	5	1656	385732	False
全國電影票房截至2017年五月前資訊	34.pdf	9	59	英國	犯罪教條	2017-04-07	18	14	1717	384715	False
全國電影票房截至2017年一月前資訊	27.pdf	3	49	日本	漫長的藉口	2016-12-02	14	5	1832	378805	False
全國電影票房截至2017年七月前資訊	36.pdf	6	60	德國	我的觸男日記	2017-06-02	19	7	1697	378317	False
全國電影票房截至2017年七月前資訊	36.pdf	8	85	法國	【第五元素】數位修復導演版	2017-06-16	14	12	1657	376789	False
全國電影票房截至2017年九月前資訊	38.pdf	11	96	美國	魔鬼終結者:創世契機	2017-08-25	19	6	1344	376654	False
全國電影票房截至2017年四月前資訊	33.pdf	11	92	德國	尋找天堂的3個人	2017-03-24	19	5	1866	375625	False
全國電影票房截至2017年六月前資訊	35.pdf	14	86	美國	幸福不設限	2017-05-12	14	6	1748	374135	False
全國電影票房截至2017年十月前資訊	39.pdf	11	94	美國	倫敦呼叫	2017-09-15	21	7	1613	366315	True
 全國電影票房截至2017年三月前資訊	32.pdf	4	28	美國	一級危險	2017-01-06	27	6	1584	363982	False
全國電影票房截至2017年十月前資訊	39.pdf	9	76	日本	失樂園	2017-09-08	35	5	1735	363625	True
全國電影票房截至2017年五月前資訊	34.pdf	15	95	英國	約翰伯格四季肖像	2017-04-24	21	2	1632	355250	False
 全國電影票房截至2017年三月前資訊	32.pdf	1	9	加拿大	終極車陣：飆出重圍	2016-12-09	81	11	2296	354883	False
全國電影票房截至2017年六月前資訊	35.pdf	7	47	法國	小鎮醫生	2017-04-14	35	5	1791	349350	False
全國電影票房截至2017年七月前資訊	36.pdf	8	72	西班牙	超越佛朗明哥：索拉的霍塔舞曲	2017-06-09	22	6	1690	345430	False
全國電影票房截至2017年一月前資訊	27.pdf	1	1	美國	獻給米其林的生命貴客	2016-11-04	28	6	1610	344520	False
全國電影票房截至2017年二月前資訊	31.pdf	3	32	英國	綠洲超音速	2016-12-16	23	6	1544	344404	False
全國電影票房截至2017年五月前資訊	34.pdf	12	83	日本	生存家族	2017-04-21	19	7	1592	339951	False
 全國電影票房截至2017年三月前資訊	32.pdf	5	48	塞爾維亞	牛奶配送員的魔幻人生	2017-01-20	22	6	1561	333525	False
全國電影票房截至2017年十月前資訊	39.pdf	12	104	德國	凱特布蘭琪：宣言13	2017-09-22	15	7	1511	333315	True
全國電影票房截至2016年十二月前資訊	26.pdf	1	10	中華民國	童夢	2016-11-04	20	7	1667	331740	False
全國電影票房截至2017年七月前資訊	36.pdf	2	20	南韓	叛獄無間	2017-04-07	30	9	1486	317270	False
全國電影票房截至2017年五月前資訊	34.pdf	9	60	日本	溺水小刀	2017-04-07	16	8	1437	316830	False
全國電影票房截至2017年十月前資訊	39.pdf	12	105	新加坡	親愛的大笨象	2017-09-22	21	7	1484	304765	True
全國電影票房截至2017年五月前資訊	34.pdf	11	73	法國	衝突的一天	2017-04-14	20	6	1406	294065	False
全國電影票房截至2017年八月前資訊	37.pdf	2	20	美國	美麗人生	2017-05-12	15	5	1440	292735	False
全國電影票房截至2017年六月前資訊	35.pdf	12	72	法國	狂舞摯愛	2017-05-05	21	5	1463	291020	False
全國電影票房截至2017年六月前資訊	35.pdf	14	88	中華民國	一個人的收藏	2017-05-12	16	6	1366	290420	False
全國電影票房截至2017年十月前資訊	39.pdf	7	54	芬蘭	芬蘭湯姆	2017-08-25	18	5	1316	288283	True
 全國電影票房截至2017年三月前資訊	32.pdf	11	88	西班牙	停屍姦	2017-02-24	26	3	1292	280680	False
全國電影票房截至2017年八月前資訊	37.pdf	7	72	日本	光	2017-07-14	14	7	1347	279890	False
全國電影票房截至2017年二月前資訊	31.pdf	6	74	義大利	告解高峰會	2017-01-13	14	6	1400	279735	False
全國電影票房截至2017年六月前資訊	35.pdf	16	102	美國	貝士浮生錄	2017-05-19	17	3	1216	279705	False
全國電影票房截至2017年九月前資訊	38.pdf	12	99	中華民國	澤水困	2017-08-25	14	1	1251	278970	False
全國電影票房截至2017年六月前資訊	35.pdf	4	26	俄羅斯	危機救援	2017-03-10	19	7	1298	272465	False
全國電影票房截至2017年十月前資訊	39.pdf	11	95	義大利	少女車神	2017-09-15	20	6	1137	271199	True
全國電影票房截至2017年四月前資訊	33.pdf	13	108	日本	我的叔叔	2017-03-31	16	7	1278	271018	False
全國電影票房截至2017年九月前資訊	38.pdf	12	100	法國	芬妮的勇敢旅程	2017-08-25	19	5	1366	269300	False
全國電影票房截至2017年一月前資訊	27.pdf	2	33	德國	24週	2016-11-25	20	6	1327	268740	False
 全國電影票房截至2017年三月前資訊	32.pdf	4	36	英國	歡迎光臨貝拉的奇幻花園	2017-01-13	27	4	1236	264260	False
全國電影票房截至2017年七月前資訊	36.pdf	10	108	南韓	厄夜直播	2017-06-30	14	6	1144	260685	False
全國電影票房截至2017年四月前資訊	33.pdf	12	106	法國	波麗娜	2017-03-31	14	5	1200	260420	False
全國電影票房截至2017年六月前資訊	35.pdf	14	89	義大利	海上焰火	2017-05-12	18	6	1154	255589	False
全國電影票房截至2017年五月前資訊	34.pdf	9	62	泰國	一日戀人	2017-04-07	14	9	1121	254028	False
全國電影票房截至2017年七月前資訊	36.pdf	6	48	南韓	純情	2017-05-19	31	5	1157	244945	False
全國電影票房截至2017年四月前資訊	33.pdf	8	56	日本	紅的告別式	2017-03-03	17	6	1018	240201	False
 全國電影票房截至2017年三月前資訊	32.pdf	9	65	日本	臨淵而慄	2017-02-10	14	6	1134	239875	False
全國電影票房截至2017年一月前資訊	27.pdf	2	24	巴拿馬	光榮擂台	2016-11-18	42	11	1447	239500	False
全國電影票房截至2016年十二月前資訊	26.pdf	1	9	日本	異邦警察	2016-11-04	14	8	1156	238101	False
全國電影票房截至2017年十月前資訊	39.pdf	15	117	法國	絕代天后黛莉達	2017-09-29	14	8	1137	236542	True
 全國電影票房截至2017年三月前資訊	32.pdf	6	52	法國	伴手禮	2017-01-26	15	5	1140	234990	False
全國電影票房截至2017年七月前資訊	36.pdf	10	109	日本	今天的吉良同學	2017-06-30	21	3	987	233101	False
全國電影票房截至2017年一月前資訊	27.pdf	1	18	美國	我們的輕狂年代	2016-11-18	14	7	1098	231320	False
全國電影票房截至2017年七月前資訊	36.pdf	7	61	法國	歡迎來到詩樂園	2017-06-02	14	4	1061	230485	False
全國電影票房截至2017年十月前資訊	39.pdf	10	77	法國	那年夏天的微光	2017-09-08	15	8	1127	229400	True
全國電影票房截至2017年六月前資訊	35.pdf	18	115	法國	雙面法蘭茲	2017-05-26	14	3	1076	226790	False
全國電影票房截至2017年八月前資訊	37.pdf	6	61	香港	骨妹	2017-07-07	13	5	1027	225765	False
全國電影票房截至2017年一月前資訊	27.pdf	4	66	英國	一週八天的歲月：披頭時代	2016-12-09	16	8	1005	224999	False
全國電影票房截至2017年七月前資訊	36.pdf	8	86	南韓	獨自在夜晚的海邊	2017-06-16	26	3	1040	224680	False
全國電影票房截至2017年九月前資訊	38.pdf	4	35	日本	花芯：背德禁戀	2017-06-23	25	6	1146	223380	False
全國電影票房截至2017年九月前資訊	38.pdf	1	8	英國	動畫人生	2017-04-14	17	6	1079	221610	False
全國電影票房截至2017年二月前資訊	31.pdf	2	31	日本	麵包超人電影版：玩具之星的南達與倫妲	2016-12-16	21	8	958	221198	False
全國電影票房截至2017年十月前資訊	39.pdf	12	106	日本	愛過了	2017-09-22	15	5	986	220770	True
全國電影票房截至2017年九月前資訊	38.pdf	12	101	法國	一路不順風	2017-08-25	26	3	998	215680	False
全國電影票房截至2017年一月前資訊	27.pdf	1	6	法國	玩命光頭	2016-11-04	57	7	1280	215325	False
全國電影票房截至2017年六月前資訊	35.pdf	14	90	法國	愛情陷阱	2017-05-12	14	5	983	213625	False
全國電影票房截至2017年十月前資訊	39.pdf	15	118	日本	亂	2017-09-29	14	3	933	211595	True
全國電影票房截至2017年六月前資訊	35.pdf	1	6	日本	野風溼身的女人	2017-01-13	53	5	1236	210990	False
全國電影票房截至2017年五月前資訊	34.pdf	9	63	法國	藝想，巴黎	2017-04-07	15	6	1039	209390	False
全國電影票房截至2017年五月前資訊	34.pdf	17	105	德國	風水逝家	2017-04-28	15	6	976	207195	False
全國電影票房截至2017年一月前資訊	27.pdf	1	20	法國	遇見黑天鵝王子	2016-11-18	17	3	1047	206980	False
 全國電影票房截至2017年三月前資訊	32.pdf	10	85	挪威	國王的抉擇	2017-02-24	16	5	999	206385	False
全國電影票房截至2017年七月前資訊	36.pdf	8	73	美國	鹽與火之歌	2017-06-09	14	5	987	204930	False
全國電影票房截至2017年五月前資訊	34.pdf	17	106	美國	APP有鬼	2017-04-28	14	6	948	202535	False
全國電影票房截至2017年十月前資訊	39.pdf	15	119	日本	宣告黎明的露之歌	2017-09-29	20	5	827	199914	True
全國電影票房截至2017年五月前資訊	34.pdf	15	96	斯洛伐克	老師有問題	2017-04-24	14	7	977	197435	False
全國電影票房截至2017年十月前資訊	39.pdf	10	78	英國	帶來末日的女孩	2017-09-08	14	8	860	196976	True
全國電影票房截至2017年八月前資訊	37.pdf	6	62	法國	交換心人生	2017-07-07	15	5	944	194200	False
全國電影票房截至2017年五月前資訊	34.pdf	13	84	越南	嚇女的誘惑	2017-04-21	12	7	872	193316	False
全國電影票房截至2017年一月前資訊	27.pdf	3	39	美國	毛小孩選邊站	2016-11-25	32	5	907	191825	False
全國電影票房截至2017年四月前資訊	33.pdf	12	107	日本	生日卡片	2017-03-31	15	8	870	190960	False
 全國電影票房截至2017年三月前資訊	32.pdf	10	74	南韓	你會在那裡嗎	2017-02-17	14	5	844	188995	False
全國電影票房截至2017年十月前資訊	39.pdf	10	79	香港	西謊極落：太爆・太子・太空艙	2017-09-08	14	7	844	185209	True
全國電影票房截至2017年一月前資訊	27.pdf	2	31	中華民國	不即不離	2016-11-25	14	3	877	181080	False
全國電影票房截至2017年七月前資訊	36.pdf	5	37	英國	我的海星爸爸	2017-05-05	51	8	1034	178994	False
全國電影票房截至2017年一月前資訊	27.pdf	5	82	日本	黑金丑島君3-枷鎖篇	2016-12-16	14	3	703	168884	False
全國電影票房截至2017年二月前資訊	31.pdf	5	72	香港	笑林足球	2017-01-13	9	2	758	166850	False
全國電影票房截至2017年六月前資訊	35.pdf	4	31	日本	這不是色情電影	2017-03-17	37	5	1004	166030	False
全國電影票房截至2017年七月前資訊	36.pdf	8	75	日本	櫻桃小丸子30周年紀念特別劇場版	2017-06-10	4	3	629	161857	False
全國電影票房截至2017年六月前資訊	35.pdf	3	17	日本	母貓	2017-02-17	23	4	723	161185	False
全國電影票房截至2017年七月前資訊	36.pdf	10	110	南韓	不汗黨：地下秩序	2017-06-30	14	6	727	159385	False
全國電影票房截至2017年二月前資訊	31.pdf	3	40	比利時	瑪麗娜之橋	2016-12-23	28	3	859	157410	False
全國電影票房截至2017年一月前資訊	27.pdf	1	19	日本	失序男孩	2016-11-18	14	5	700	156893	False
全國電影票房截至2017年十月前資訊	39.pdf	11	96	義大利	今夜，陽光燦爛	2017-09-15	14	4	790	156535	True
全國電影票房截至2017年一月前資訊	27.pdf	2	30	中華民國	翡翠之城	2016-11-25	13	1	679	150495	False
全國電影票房截至2017年四月前資訊	33.pdf	8	55	德國	慾望	2017-03-03	14	3	727	148670	False
全國電影票房截至2017年八月前資訊	37.pdf	6	63	法國	環法心節奏	2017-07-07	18	4	736	148455	False
全國電影票房截至2017年五月前資訊	34.pdf	13	85	美國	絕魂夜	2017-04-21	22	2	688	148280	False
全國電影票房截至2017年八月前資訊	37.pdf	6	64	德國	放生員工請注意	2017-07-07	14	3	703	148010	False
全國電影票房截至2017年十月前資訊	39.pdf	15	120	日本	我在快打求旋風	2017-09-29	20	4	642	144825	True
全國電影票房截至2017年四月前資訊	33.pdf	11	94	西班牙	寵物情劫	2017-03-24	24	2	661	144585	False
全國電影票房截至2017年六月前資訊	35.pdf	17	104	美國	哈利本森：大攝影家	2017-05-19	14	5	664	143780	False
全國電影票房截至2017年五月前資訊	34.pdf	15	97	日本	黃金拼圖PRETTYDAYS	2017-04-24	14	6	595	142314	False
 全國電影票房截至2017年三月前資訊	32.pdf	4	31	羅馬尼亞	畢業風暴	2017-01-06	29	7	718	141960	False
全國電影票房截至2017年七月前資訊	36.pdf	8	87	瑞典	愛愛大風吹	2017-06-16	14	4	676	140635	False
全國電影票房截至2016年十二月前資訊	26.pdf	2	19	中華民國	河北臺北	2016-11-11	6	1	607	136835	False
全國電影票房截至2017年十月前資訊	39.pdf	15	121	英國	販賣愛情	2017-09-29	13	7	639	131885	True
全國電影票房截至2017年五月前資訊	34.pdf	13	86	中華民國	指甲刀人魔	2017-04-21	8	18	602	131385	False
全國電影票房截至2017年五月前資訊	34.pdf	11	75	加拿大	烏克蘭悲歌	2017-04-14	14	3	680	130820	False
全國電影票房截至2017年十月前資訊	39.pdf	7	55	法國	初戀上女孩	2017-08-25	33	4	594	129540	True
全國電影票房截至2016年十二月前資訊	26.pdf	1	1	中華民國	兒子老子	2016-11-04	13	1	577	129385	False
全國電影票房截至2017年十月前資訊	39.pdf	15	122	德國	心之物語	2017-09-29	20	4	636	128695	True
全國電影票房截至2017年四月前資訊	33.pdf	10	79	日本	愛上有機男	2017-03-17	15	6	610	128509	False
全國電影票房截至2017年四月前資訊	33.pdf	8	53	法國	小丑的眼淚	2017-03-03	13	5	569	119780	False
 全國電影票房截至2017年三月前資訊	32.pdf	9	66	法國	愛，那時此刻	2017-02-10	14	4	578	119115	False
 全國電影票房截至2017年三月前資訊	32.pdf	10	76	法國	我是妳的眼	2017-02-17	15	4	544	115995	False
全國電影票房截至2017年一月前資訊	27.pdf	2	32	瑞士	牧羊小英雄	2016-11-25	14	2	577	113930	False
全國電影票房截至2017年五月前資訊	34.pdf	9	64	南韓	越愛越墮落	2017-04-07	18	4	561	113365	False
全國電影票房截至2017年一月前資訊	27.pdf	3	40	菲律賓	再見橄欖樹	2016-11-25	33	4	612	111715	False
全國電影票房截至2017年四月前資訊	33.pdf	8	57	南韓	困獸之網	2017-03-03	21	4	521	109890	False
全國電影票房截至2017年二月前資訊	31.pdf	4	59	菲律賓	私法拘留	2017-01-06	14	3	512	108900	False
全國電影票房截至2016年十二月前資訊	26.pdf	2	25	義大利	閨蜜瘋上路	2016-11-11	14	4	559	108745	False
全國電影票房截至2016年十二月前資訊	26.pdf	1	11	挪威	絕命殺人院	2016-11-04	23	1	475	100235	False
全國電影票房截至2017年五月前資訊	34.pdf	10	65	日本	白百合之戀	2017-04-07	20	4	452	100205	False
全國電影票房截至2017年二月前資訊	31.pdf	2	22	義大利	顧問先生有問題	2016-12-09	28	3	521	98610	False
全國電影票房截至2017年四月前資訊	33.pdf	8	64	法國	熾戀	2017-03-10	13	4	470	98510	False
 全國電影票房截至2017年三月前資訊	32.pdf	4	29	德國	我把老師縮小了	2017-01-06	27	3	502	95440	False
全國電影票房截至2017年二月前資訊	31.pdf	3	46	法國	四百擊：數位修復版	2016-12-26	11	2	465	94860	False
全國電影票房截至2017年六月前資訊	35.pdf	1	3	日本	裸舞狂情	2016-12-23	31	6	530	93220	False
全國電影票房截至2017年五月前資訊	34.pdf	17	107	德國	再見柏林	2017-04-28	13	3	429	91400	False
全國電影票房截至2017年六月前資訊	35.pdf	7	50	美國	USSI：勇者無畏	2017-04-21	32	2	415	87970	False
全國電影票房截至2017年七月前資訊	36.pdf	10	111	加拿大	恐懼虛空	2017-06-30	23	2	393	84615	False
全國電影票房截至2017年八月前資訊	37.pdf	7	73	法國	魔幻開幕夜	2017-07-14	14	3	394	83500	False
全國電影票房截至2017年六月前資訊	35.pdf	12	74	英國	窗外有藍天經典數位修復	2017-05-05	7	1	386	82840	False
全國電影票房截至2017年七月前資訊	36.pdf	9	88	中華民國	最萌身高差	2017-06-16	13	5	368	79450	False
全國電影票房截至2017年六月前資訊	35.pdf	14	91	南韓	單身騎士	2017-05-12	14	3	366	75210	False
全國電影票房截至2016年十二月前資訊	26.pdf	1	4	美國	玩酷壞痞子	2016-11-04	14	3	364	73240	False
全國電影票房截至2017年十月前資訊	39.pdf	15	123	美國	雙峰：與火同行	2017-09-29	13	4	323	72755	True
全國電影票房截至2017年二月前資訊	31.pdf	6	73	南韓	雪地裡的擁抱	2017-01-13	13	5	364	71575	False
全國電影票房截至2017年六月前資訊	35.pdf	18	116	南韓	回聲戀習曲	2017-05-26	12	4	329	70570	False
全國電影票房截至2017年二月前資訊	31.pdf	3	38	法國	夏日之戀	2016-12-23	10	2	344	70010	False
全國電影票房截至2017年九月前資訊	38.pdf	12	105	英國	咫尺天涯	2017-08-28	9	2	325	69780	False
全國電影票房截至2017年十月前資訊	39.pdf	15	124	美國	驚狂	2017-09-29	14	4	301	68210	True
全國電影票房截至2017年九月前資訊	38.pdf	12	103	英國	尋找小津	2017-08-25	10	2	333	68060	False
全國電影票房截至2017年二月前資訊	31.pdf	4	52	英國、伊朗	闇影之下	2016-12-30	18	3	315	66170	False
全國電影票房截至2016年十二月前資訊	26.pdf	1	13	香港	點五步	2016-11-04	14	5	304	65115	False
全國電影票房截至2017年一月前資訊	27.pdf	6	91	法國	情殺案中案	2016-12-23	7	2	310	61620	False
全國電影票房截至2017年十月前資訊	39.pdf	16	125	美國	橡皮頭	2017-09-29	13	4	268	61515	True
全國電影票房截至2017年一月前資訊	27.pdf	2	29	香港	導火新聞線	2016-11-25	10	1	269	60180	False
全國電影票房截至2017年六月前資訊	35.pdf	17	105	美國	她們的顫慄故事	2017-05-19	24	2	277	59705	False
全國電影票房截至2017年一月前資訊	27.pdf	6	89	法國	謝謝你的巧克力	2016-12-19	8	1	283	59540	False
 全國電影票房截至2017年三月前資訊	32.pdf	10	75	瑞士	解放女性	2017-02-17	14	4	300	59360	False
全國電影票房截至2017年十月前資訊	39.pdf	12	107	愛爾蘭	暗夜鬼抓床	2017-09-22	13	3	258	58685	True
全國電影票房截至2017年四月前資訊	33.pdf	12	103	義大利	媽媽教我愛的一切	2017-03-31	7	1	268	56150	False
全國電影票房截至2017年二月前資訊	31.pdf	4	51	南韓	致命第六感	2016-12-30	14	3	248	54220	False
全國電影票房截至2017年五月前資訊	34.pdf	13	88	瑞典	天之驕子	2017-04-21	14	2	276	53440	False
全國電影票房截至2017年二月前資訊	31.pdf	7	90	日本	黑金丑島君THEFINAL-身世大解密	2017-01-20	10	1	226	50870	False
全國電影票房截至2017年八月前資訊	37.pdf	6	65	南韓	代立軍	2017-07-07	23	2	239	50190	False
全國電影票房截至2017年二月前資訊	31.pdf	4	49	法國	保持站立	2016-12-30	7	1	241	48835	False
全國電影票房截至2017年四月前資訊	33.pdf	10	77	南韓	戀妳非妳	2017-03-17	13	3	211	46070	False
全國電影票房截至2017年四月前資訊	33.pdf	11	90	法國	少年文森的瘋狂世界	2017-03-20	14	2	210	45360	False
全國電影票房截至2017年十月前資訊	39.pdf	10	82	法國	死刑台與電梯	2017-09-11	4	2	225	45260	True
全國電影票房截至2017年一月前資訊	27.pdf	5	74	日本	影子籃球員-冬季選拔賽總集篇門的彼端	2016-12-10	1	1	193	45204	False
全國電影票房截至2017年一月前資訊	27.pdf	6	92	法國	戀夏絮語	2016-12-23	7	3	227	44990	False
全國電影票房截至2017年六月前資訊	35.pdf	12	75	美國	鬼影隨行	2017-05-05	15	2	204	44175	False
全國電影票房截至2017年一月前資訊	27.pdf	6	93	法國	最後地下鐵	2016-12-23	7	2	223	43820	False
全國電影票房截至2017年五月前資訊	34.pdf	11	76	法國	玩物戀人	2017-04-14	12	3	197	43415	False
全國電影票房截至2017年十月前資訊	39.pdf	16	126	土耳其	煉獄迷宮	2017-09-29	14	3	193	43260	True
全國電影票房截至2017年二月前資訊	31.pdf	4	58	巴西	別叫我兒子	2017-01-06	11	4	209	42745	False
全國電影票房截至2017年十月前資訊	39.pdf	10	80	加拿大	她的應召日記	2017-09-08	18	4	231	42725	True
全國電影票房截至2017年十月前資訊	39.pdf	12	108	中華民國	狗狗傷心誌	2017-09-22	2	1	188	41360	True
全國電影票房截至2017年八月前資訊	37.pdf	9	94	中國大陸	少年	2017-07-28	7	1	185	41270	False
全國電影票房截至2017年十月前資訊	39.pdf	8	65	美國	惡靈金庫	2017-09-01	11	2	189	41185	True
全國電影票房截至2017年六月前資訊	35.pdf	13	80	美國	此情可問天經典數位修復	2017-05-08	1	1	175	38500	False
全國電影票房截至2017年五月前資訊	34.pdf	10	66	日本	與愛	2017-04-07	6	1	158	37812	False
全國電影票房截至2017年六月前資訊	35.pdf	18	122	義大利、法國	索多瑪120天	2017-05-28	3	1	228	37680	False
 全國電影票房截至2017年三月前資訊	32.pdf	10	79	西班牙	魯蛇特攻隊	2017-02-17	21	2	173	37640	False
全國電影票房截至2017年六月前資訊	35.pdf	19	125	日本、香港	鄉村醫生+蒙馬特．女書	2017-05-29	3	1	234	37530	False
全國電影票房截至2017年七月前資訊	36.pdf	7	62	義大利	叫我鋼鐵俠	2017-06-02	27	2	177	37415	False
全國電影票房截至2017年二月前資訊	31.pdf	4	50	南韓	患者代號：瑪丹娜	2016-12-30	13	3	168	37200	False
全國電影票房截至2017年六月前資訊	35.pdf	19	123	義大利、法國	一千零一夜	2017-05-28	3	1	230	36570	False
全國電影票房截至2017年六月前資訊	35.pdf	19	129	義大利、法國、德國	十日談	2017-05-30	3	1	228	36390	False
全國電影票房截至2017年六月前資訊	35.pdf	10	61	美國	天聲男孩	2017-05-02	1	1	150	36000	False
全國電影票房截至2017年六月前資訊	35.pdf	18	119	義大利、法國	坎特伯雷故事	2017-05-27	3	1	236	35850	False
全國電影票房截至2017年四月前資訊	33.pdf	12	104	加拿大	雙生姊魅	2017-03-31	13	2	156	34350	False
全國電影票房截至2017年四月前資訊	33.pdf	10	80	印尼	迎頭重擊	2017-03-17	17	2	154	33695	False
全國電影票房截至2017年十月前資訊	39.pdf	10	83	法國	羅丹與卡蜜兒	2017-09-11	4	2	169	33100	True
全國電影票房截至2017年十月前資訊	39.pdf	10	81	法國	某夫人(巴黎貴婦的耳環)	2017-09-10	4	2	170	32340	True
全國電影票房截至2017年一月前資訊	27.pdf	5	75	日本	下一站，天國	2016-12-12	2	1	151	31080	False
全國電影票房截至2017年五月前資訊	34.pdf	10	67	美國	夢魔纏身	2017-04-07	15	2	141	30630	False
全國電影票房截至2017年二月前資訊	31.pdf	5	71	日本	驚濤駭浪的陰影	2017-01-09	1	1	151	30200	False
全國電影票房截至2017年一月前資訊	27.pdf	5	80	中國大陸	京城81號	2016-12-16	7	1	136	30110	False
全國電影票房截至2017年十月前資訊	39.pdf	1	1	日本	HIGH&LOW熱血街頭電影版~紅雨篇~	2017-01-20	10	2	138	29270	True
全國電影票房截至2017年七月前資訊	36.pdf	8	74	美國	勇闖地獄門	2017-06-09	21	2	135	29255	False
全國電影票房截至2016年十二月前資訊	26.pdf	2	26	波蘭	魅惑人魚姬	2016-11-11	16	4	127	28710	False
全國電影票房截至2016年十二月前資訊	26.pdf	4	50	香港	此情此刻	2016-11-25	4	1	129	28630	False
全國電影票房截至2017年一月前資訊	27.pdf	4	57	法國	巴黎浮世繪	2016-12-03	2	1	142	28260	False
全國電影票房截至2017年六月前資訊	35.pdf	19	126	美國	紐約書評：爭鳴50年	2017-05-29	3	1	177	27900	False
全國電影票房截至2017年五月前資訊	34.pdf	13	89	中國大陸	狼圖騰	2017-04-21	15	1	115	26970	False
全國電影票房截至2017年六月前資訊	35.pdf	10	62	法國	末日前上路	2017-05-02	13	1	120	25790	False
全國電影票房截至2017年六月前資訊	35.pdf	18	120	西班牙	繆思研究院	2017-05-27	3	1	173	25710	False
全國電影票房截至2017年一月前資訊	27.pdf	3	44	中華民國	挖玉石的人	2016-11-26	5	1	106	22055	False
全國電影票房截至2016年十二月前資訊	26.pdf	4	52	香港	江湖悲劇	2016-11-25	3	1	98	21580	False
全國電影票房截至2017年十月前資訊	39.pdf	9	66	法國	搖滾救明星	2017-09-01	7	2	97	21560	True
全國電影票房截至2016年十二月前資訊	26.pdf	3	46	香港	大手牽小手	2016-11-25	3	1	95	20980	False
全國電影票房截至2017年四月前資訊	33.pdf	9	75	加拿大	搖滾不靠爸	2017-03-17	9	1	95	20770	False
全國電影票房截至2017年四月前資訊	33.pdf	8	62	中華民國	最後的詩句	2017-03-04	2	1	141	20700	False
全國電影票房截至2017年六月前資訊	35.pdf	18	121	比利時	夜行盛宴	2017-05-27	3	1	136	20610	False
全國電影票房截至2017年八月前資訊	37.pdf	9	95	英國	幫寶弒	2017-07-28	10	3	93	20125	False
全國電影票房截至2017年一月前資訊	27.pdf	4	60	芬蘭	波希米亞生活	2016-12-08	2	1	103	19780	False
全國電影票房截至2017年一月前資訊	27.pdf	4	59	法國	阿爾發城	2016-12-05	2	1	100	19680	False
全國電影票房截至2017年十月前資訊	39.pdf	9	67	黎巴嫩	聽風者之歌	2017-09-01	14	2	106	19520	True
全國電影票房截至2017年十月前資訊	39.pdf	10	84	法國	她與他們的愛情	2017-09-11	4	2	103	19360	True
全國電影票房截至2017年六月前資訊	35.pdf	19	124	烏克蘭	編織愛情的詩光	2017-05-28	3	1	118	18960	False
全國電影票房截至2017年六月前資訊	35.pdf	19	130	德國	卡夫卡之洞	2017-05-30	3	1	115	17850	False
 全國電影票房截至2017年三月前資訊	32.pdf	8	60	美國	當貓王碰上總統	2017-01-27	6	1	82	17355	False
全國電影票房截至2017年一月前資訊	27.pdf	2	28	澳洲	壁花女孩夢遊中	2016-11-21	10	2	79	17320	False
全國電影票房截至2016年十二月前資訊	26.pdf	2	21	愛爾蘭	陰桃術	2016-11-11	10	1	81	17115	False
全國電影票房截至2017年二月前資訊	31.pdf	7	89	南韓	暗網殺機	2017-01-20	8	2	80	17090	False
全國電影票房截至2017年七月前資訊	36.pdf	7	64	中國大陸	卡夫卡的K	2017-06-06	3	1	108	16680	False
全國電影票房截至2017年七月前資訊	36.pdf	7	65	西班牙、英國、德國、希臘	Google任務：世界之腦	2017-06-06	3	1	103	16440	False
全國電影票房截至2017年六月前資訊	35.pdf	17	106	日本	鑪場武士	2017-05-19	7	2	76	16420	False
全國電影票房截至2017年一月前資訊	27.pdf	4	64	加拿大	誅殺萬聖夜	2016-12-09	12	1	65	13450	False
全國電影票房截至2017年六月前資訊	35.pdf	18	117	日本	藍心狂想曲	2017-05-26	12	2	67	12220	False
全國電影票房截至2017年十月前資訊	39.pdf	2	14	俄羅斯	潛行者	2017-06-26	3	2	57	11635	True
全國電影票房截至2017年一月前資訊	27.pdf	4	61	法國	如果在法國。一個旅人	2016-12-09	2	1	55	11020	False
全國電影票房截至2017年九月前資訊	38.pdf	4	42	美國	她不怪，她是我妹妹	2017-07-03	3	1	95	10930	False
全國電影票房截至2017年一月前資訊	27.pdf	5	81	紐西蘭	黑死性高潮	2016-12-16	10	1	51	10810	False
全國電影票房截至2017年六月前資訊	35.pdf	19	127	葡萄牙	寫在戰火蔓延時	2017-05-29	3	1	72	10740	False
全國電影票房截至2017年六月前資訊	35.pdf	14	92	日本	葛城事件	2017-05-12	7	2	50	10670	False
全國電影票房截至2017年九月前資訊	38.pdf	5	43	荷蘭	小莫當家	2017-07-03	3	1	67	10110	False
全國電影票房截至2017年一月前資訊	27.pdf	4	63	美國	假期真要命	2016-12-09	7	1	46	9550	False
全國電影票房截至2016年十二月前資訊	26.pdf	5	61	美國	詭宴	2016-11-25	5	1	42	8880	False
全國電影票房截至2017年九月前資訊	38.pdf	1	1	南韓	女孩青春紀事	2016-11-18	2	1	73	8230	False
全國電影票房截至2017年五月前資訊	34.pdf	14	92	南韓	無人的女兒海媛	2017-04-22	2	1	41	7690	False
全國電影票房截至2017年六月前資訊	35.pdf	17	107	日本	極惡刑事	2017-05-19	7	1	34	6570	False
全國電影票房截至2017年一月前資訊	27.pdf	3	48	美國	恐懼診療室	2016-12-02	5	1	31	6400	False
全國電影票房截至2017年八月前資訊	37.pdf	1	1	法國	四百擊	2016-12-23	2	1	40	5600	False
全國電影票房截至2017年九月前資訊	38.pdf	5	53	荷蘭	老師呱呱叫	2017-07-17	2	1	46	5430	False
全國電影票房截至2017年十月前資訊	39.pdf	9	68	羅馬尼亞	陌路狂犬	2017-09-01	7	1	25	5170	True
全國電影票房截至2017年九月前資訊	38.pdf	3	23	俄羅斯	伊凡的少年時代	2017-06-06	2	1	27	5170	False
全國電影票房截至2017年七月前資訊	36.pdf	8	76	俄羅斯	飛向太空	2017-06-12	1	1	25	5000	False
全國電影票房截至2017年一月前資訊	27.pdf	4	58	中華民國	廖克發短片輯	2016-12-05	1	1	26	4980	False
全國電影票房截至2017年八月前資訊	37.pdf	5	50	中華民國	双重約會	2017-07-05	1	1	31	4465	False
全國電影票房截至2017年八月前資訊	37.pdf	5	51	中華民國	煙火	2017-07-05	1	1	31	4460	False
全國電影票房截至2016年十二月前資訊	26.pdf	4	57	義大利	美麗腥世界	2016-11-25	5	1	21	4390	False
全國電影票房截至2017年五月前資訊	34.pdf	14	90	中國大陸	港囧	2017-04-21	7	1	20	4300	False
全國電影票房截至2017年七月前資訊	36.pdf	9	89	俄羅斯	鏡子	2017-06-19	1	1	21	4080	False
全國電影票房截至2016年十二月前資訊	26.pdf	3	40	南韓	極樂公寓2	2016-11-18	5	1	19	3990	False
全國電影票房截至2016年十二月前資訊	26.pdf	2	28	義大利	魔魅俱樂部	2016-11-11	6	1	19	3985	False
全國電影票房截至2017年九月前資訊	38.pdf	6	61	日本	不要讓琴子不開心	2017-07-24	2	1	33	3730	False
全國電影票房截至2017年一月前資訊	27.pdf	3	47	南韓	好友妻別客氣	2016-12-02	4	1	16	3330	False
全國電影票房截至2016年十二月前資訊	26.pdf	4	59	美國	絕命殺漠	2016-11-25	4	1	14	2920	False
全國電影票房截至2017年六月前資訊	35.pdf	4	33	加拿大	走進希望無限的森林	2017-03-20	4	1	19	2810	False
全國電影票房截至2017年八月前資訊	37.pdf	5	52	中華民國	衣櫃裡的貓	2017-07-05	1	1	17	2265	False
全國電影票房截至2017年六月前資訊	35.pdf	8	55	匈牙利	絕命迴圈	2017-04-24	3	1	16	2230	False
全國電影票房截至2017年七月前資訊	36.pdf	9	98	中華民國	毛毛雨	2017-06-26	4	1	15	2140	False
全國電影票房截至2017年五月前資訊	34.pdf	14	91	中國大陸	一切都好	2017-04-21	5	1	10	2040	False
全國電影票房截至2016年十二月前資訊	26.pdf	1	16	南韓	下流的誘惑	2016-11-04	3	1	9	1890	False
全國電影票房截至2017年七月前資訊	36.pdf	9	99	中華民國	小孩不在家	2017-06-26	4	1	13	1870	False
全國電影票房截至2017年七月前資訊	36.pdf	9	100	中華民國	熱線1999	2017-06-26	3	1	13	1840	False
全國電影票房截至2017年五月前資訊	34.pdf	6	39	美國	索命APP	2017-03-20	3	1	13	1490	False
全國電影票房截至2016年十二月前資訊	26.pdf	3	43	美國	魔女劫	2016-11-18	3	1	7	1470	False
全國電影票房截至2017年一月前資訊	27.pdf	4	62	美國	烏龍騎士團	2016-12-09	3	1	7	1440	False
全國電影票房截至2017年一月前資訊	27.pdf	5	79	瑞典	獸獄	2016-12-16	3	1	6	1260	False
全國電影票房截至2017年五月前資訊	34.pdf	8	52	美國	要命真相	2017-04-05	3	1	9	1250	False
全國電影票房截至2017年六月前資訊	35.pdf	13	76	日本	花與蛇2：巴黎/靜子	2017-05-05	2	1	6	1230	False
全國電影票房截至2017年六月前資訊	35.pdf	13	77	日本	花與蛇	2017-05-05	2	1	5	1050	False
全國電影票房截至2017年六月前資訊	35.pdf	10	63	南韓	我們善熙	2017-05-02	1	1	6	1040	False
全國電影票房截至2017年五月前資訊	34.pdf	7	47	瑞典	意外效應	2017-03-27	3	1	8	1040	False
全國電影票房截至2017年八月前資訊	37.pdf	7	78	中華民國	強迫顯影	2017-07-20	4	1	7	1000	False
全國電影票房截至2017年七月前資訊	36.pdf	9	101	中華民國	銅板少年	2017-06-26	4	1	7	1000	False
全國電影票房截至2017年五月前資訊	34.pdf	8	53	法國	虛擬革命	2017-04-05	3	1	8	950	False
全國電影票房截至2017年八月前資訊	37.pdf	5	53	中華民國	復仇	2017-07-05	1	1	6	870	False
全國電影票房截至2017年八月前資訊	37.pdf	5	54	中華民國	無敵戰艦協和號	2017-07-05	1	1	6	870	False
全國電影票房截至2017年六月前資訊	35.pdf	13	78	日本	花與蛇ZERO	2017-05-05	2	1	4	860	False
全國電影票房截至2017年七月前資訊	36.pdf	9	102	中華民國	釘子戶	2017-06-26	3	1	6	850	False
全國電影票房截至2017年一月前資訊	27.pdf	3	46	紐西蘭	納粹惡魔島	2016-12-02	3	1	4	840	False
全國電影票房截至2017年六月前資訊	35.pdf	5	39	美國	循跡線索	2017-03-26	2	1	6	700	False
全國電影票房截至2017年一月前資訊	27.pdf	5	78	南韓	情慾陷阱	2016-12-16	2	1	3	630	False
全國電影票房截至2017年六月前資訊	35.pdf	8	54	南韓	這時對，那時錯	2017-04-22	2	1	3	570	False
全國電影票房截至2017年六月前資訊	35.pdf	13	79	日本	花與蛇3	2017-05-05	2	1	2	420	False
